2018/03/01 02:10:00,1.042
2018/03/01 02:15:00,1.04239
2018/03/01 02:20:00,1.04261
2018/03/01 02:25:00,1.04161
2018/03/01 02:30:00,1.041
2018/03/01 02:35:00,1.04139
2018/03/01 02:40:00,1.04122
2018/03/01 02:45:00,1.04039
2018/03/01 02:50:00,1.041
2018/03/01 02:55:00,1.041
2018/03/01 03:00:00,1.041
2018/03/01 03:05:00,1.041
2018/03/01 03:10:00,1.05153
2018/03/01 03:15:00,1.06566
2018/03/01 03:20:00,1.062
2018/03/01 03:25:00,1.06122
2018/03/01 03:30:00,1.05961
2018/03/01 03:35:00,1.05822
2018/03/01 03:40:00,1.05661
2018/03/01 03:45:00,1.056
2018/03/01 03:50:00,1.05522
2018/03/01 03:55:00,1.05361
2018/03/01 04:00:00,1.05261
2018/03/01 04:05:00,1.052
2018/03/01 04:10:00,1.05161
2018/03/01 04:15:00,1.05061
2018/03/01 04:20:00,1.04961
2018/03/01 04:25:00,1.05212
2018/03/01 04:30:00,1.05505
2018/03/01 04:35:00,1.05161
2018/03/01 04:40:00,1.05061
2018/03/01 04:45:00,1.05039
2018/03/01 04:50:00,1.05061
2018/03/01 04:55:00,1.04961
2018/03/01 05:00:00,1.04939
2018/03/01 05:05:00,1.04961
2018/03/01 05:10:00,1.04939
2018/03/01 05:15:00,1.04961
2018/03/01 05:20:00,1.04861
2018/03/01 05:25:00,1.04839
2018/03/01 05:30:00,1.04861
2018/03/01 05:35:00,1.048
2018/03/01 05:40:00,1.04839
2018/03/01 05:45:00,1.04861
2018/03/01 05:50:00,1.048
2018/03/01 05:55:00,1.04839
2018/03/01 06:00:00,1.04861
2018/03/01 06:05:00,1.048
2018/03/01 06:10:00,1.048
2018/03/01 06:15:00,1.04761
2018/03/01 06:20:00,1.04739
2018/03/01 06:25:00,1.048
2018/03/01 06:30:00,1.04761
2018/03/01 06:35:00,1.04817
2018/03/01 06:40:00,1.04961
2018/03/01 06:45:00,1.04861
2018/03/01 06:50:00,1.048
2018/03/01 06:55:00,1.048
2018/03/01 07:00:00,1.04761
2018/03/01 07:05:00,1.047
2018/03/01 07:10:00,1.04778
2018/03/01 07:15:00,1.04822
2018/03/01 07:20:00,1.047
2018/03/01 07:25:00,1.047
2018/03/01 07:30:00,1.04895
2018/03/01 07:35:00,1.05122
2018/03/01 07:40:00,1.05
2018/03/01 07:45:00,1.05
2018/03/01 07:50:00,1.05117
2018/03/01 07:55:00,1.05183
2018/03/01 08:00:00,1.04961
2018/03/01 08:05:00,1.049
2018/03/01 08:10:00,1.049
2018/03/01 08:15:00,1.04939
2018/03/01 08:20:00,1.04922
2018/03/01 08:25:00,1.04839
2018/03/01 08:30:00,1.04939
2018/03/01 08:35:00,1.05
2018/03/01 08:40:00,1.04961
2018/03/01 08:45:00,1.049
2018/03/01 08:50:00,1.04861
2018/03/01 08:55:00,1.04839
2018/03/01 09:00:00,1.04861
2018/03/01 09:05:00,1.04878
2018/03/01 09:10:00,1.04922
2018/03/01 09:15:00,1.048
2018/03/01 09:20:00,1.04761
2018/03/01 09:25:00,1.047
2018/03/01 09:30:00,1.04661
2018/03/01 09:35:00,1.04639
2018/03/01 09:40:00,1.05051
2018/03/01 09:45:00,1.06146
2018/03/01 09:50:00,1.07273
2018/03/01 09:55:00,1.07466
2018/03/01 10:00:00,1.06983
2018/03/01 10:05:00,1.06683
2018/03/01 10:10:00,1.06383
2018/03/01 10:15:00,1.06239
2018/03/01 10:20:00,1.06144
2018/03/01 10:25:00,1.05861
2018/03/01 10:30:00,1.05839
2018/03/01 10:35:00,1.059
2018/03/01 10:40:00,1.06017
2018/03/01 10:45:00,1.06122
2018/03/01 10:50:00,1.05883
2018/03/01 10:55:00,1.05817
2018/03/01 11:00:00,1.05961
2018/03/01 11:05:00,1.05822
2018/03/01 11:10:00,1.05622
2018/03/01 11:15:00,1.05929
2018/03/01 11:20:00,1.066
2018/03/01 11:25:00,1.066
2018/03/01 11:30:00,1.06522
2018/03/01 11:35:00,1.064
2018/03/01 11:40:00,1.06283
2018/03/01 11:45:00,1.06061
2018/03/01 11:50:00,1.06039
2018/03/01 11:55:00,1.05983
2018/03/01 12:00:00,1.05839
2018/03/01 12:05:00,1.05861
2018/03/01 12:10:00,1.05722
2018/03/01 12:15:00,1.05522
2018/03/01 12:20:00,1.05517
2018/03/01 12:25:00,1.05583
2018/03/01 12:30:00,1.05361
2018/03/01 12:35:00,1.053
2018/03/01 12:40:00,1.05417
2018/03/01 12:45:00,1.05405
2018/03/01 12:50:00,1.05139
2018/03/01 12:55:00,1.05044
2018/03/01 13:00:00,1.04839
2018/03/01 13:05:00,1.05017
2018/03/01 13:10:00,1.05122
2018/03/01 13:15:00,1.05156
2018/03/01 13:20:00,1.05361
2018/03/01 13:25:00,1.05183
2018/03/01 13:30:00,1.05
2018/03/01 13:35:00,1.05
2018/03/01 13:40:00,1.05039
2018/03/01 13:45:00,1.051
2018/03/01 13:50:00,1.05178
2018/03/01 13:55:00,1.053
2018/03/01 14:00:00,1.05417
2018/03/01 14:05:00,1.0545375
2018/03/01 14:10:00,1.05241
2018/03/01 14:15:00,1.05141
2018/03/01 14:20:00,1.051
2018/03/01 14:25:00,1.05159
2018/03/01 14:30:00,1.05259
2018/03/01 14:35:00,1.053
2018/03/01 14:40:00,1.05241
2018/03/01 14:45:00,1.052
2018/03/01 14:50:00,1.052
2018/03/01 14:55:00,1.052
2018/03/01 15:00:00,1.05259
2018/03/01 15:05:00,1.05359
2018/03/01 15:10:00,1.05223
2018/03/01 15:15:00,1.05041
2018/03/01 15:20:00,1.05236
2018/03/01 15:25:00,1.05223
2018/03/01 15:30:00,1.05041
2018/03/01 15:35:00,1.0517699999999999
2018/03/01 15:40:00,1.053
2018/03/01 15:45:00,1.05123
2018/03/01 15:50:00,1.05
2018/03/01 15:55:00,1.05236
2018/03/01 16:00:00,1.05282
2018/03/01 16:05:00,1.05259
2018/03/01 16:10:00,1.053
2018/03/01 16:15:00,1.05182
2018/03/01 16:20:00,1.05159
2018/03/01 16:25:00,1.052
2018/03/01 16:30:00,1.05259
2018/03/01 16:35:00,1.05241
2018/03/01 16:40:00,1.05259
2018/03/01 16:45:00,1.05241
2018/03/01 16:50:00,1.052
2018/03/01 16:55:00,1.0555400000000001
2018/03/01 17:00:00,1.05741
2018/03/01 17:05:00,1.05641
2018/03/01 17:10:00,1.05423
2018/03/01 17:15:00,1.05418
2018/03/01 17:20:00,1.05441
2018/03/01 17:25:00,1.054
2018/03/01 17:30:00,1.054
2018/03/01 17:35:00,1.05341
2018/03/01 17:40:00,1.053
2018/03/01 17:45:00,1.05359
2018/03/01 17:50:00,1.054
2018/03/01 17:55:00,1.05459
2018/03/01 18:00:00,1.05441
2018/03/01 18:05:00,1.054
2018/03/01 18:10:00,1.05341
2018/03/01 18:15:00,1.053
2018/03/01 18:20:00,1.053
2018/03/01 18:25:00,1.053
2018/03/01 18:30:00,1.05241
2018/03/01 18:35:00,1.05259
2018/03/01 18:40:00,1.053
2018/03/01 18:45:00,1.053
2018/03/01 18:50:00,1.053
2018/03/01 18:55:00,1.053
2018/03/01 19:00:00,1.053
2018/03/01 19:05:00,1.053
2018/03/01 19:10:00,1.053
2018/03/01 19:15:00,1.053
2018/03/01 19:20:00,1.05241
2018/03/01 19:25:00,1.05259
2018/03/01 19:30:00,1.053
2018/03/01 19:35:00,1.05241
2018/03/01 19:40:00,1.052
2018/03/01 19:45:00,1.05141
2018/03/01 19:50:00,1.05218
2018/03/01 19:55:00,1.05359
2018/03/01 20:00:00,1.05459
2018/03/01 20:05:00,1.05559
2018/03/01 20:10:00,1.05482
2018/03/01 20:15:00,1.05459
2018/03/01 20:20:00,1.05441
2018/03/01 20:25:00,1.054
2018/03/01 20:30:00,1.054
2018/03/01 20:35:00,1.05459
2018/03/01 20:40:00,1.05559
2018/03/01 20:45:00,1.05541
2018/03/01 20:50:00,1.05441
2018/03/01 20:55:00,1.05341
2018/03/01 21:00:00,1.05418
2018/03/01 21:05:00,1.05441
2018/03/01 21:10:00,1.054
2018/03/01 21:15:00,1.05341
2018/03/01 21:20:00,1.053
2018/03/01 21:25:00,1.053
2018/03/01 21:30:00,1.05241
2018/03/01 21:35:00,1.05259
2018/03/01 21:40:00,1.053
2018/03/01 21:45:00,1.053
2018/03/01 21:50:00,1.05241
2018/03/01 21:55:00,1.05318
2018/03/01 22:00:00,1.054
2018/03/01 22:05:00,1.05282
2018/03/01 22:10:00,1.0537699999999999
2018/03/01 22:15:00,1.05382
2018/03/01 22:20:00,1.05359
2018/03/01 22:25:00,1.05341
2018/03/01 22:30:00,1.05359
2018/03/01 22:35:00,1.05341
2018/03/01 22:40:00,1.053
2018/03/01 22:45:00,1.053
2018/03/01 22:50:00,1.05359
2018/03/01 22:55:00,1.05341
2018/03/01 23:00:00,1.05713
2018/03/01 23:05:00,1.05823
2018/03/01 23:10:00,1.057
2018/03/01 23:15:00,1.05641
2018/03/01 23:20:00,1.056
2018/03/01 23:25:00,1.056
2018/03/01 23:30:00,1.05541
2018/03/01 23:35:00,1.05559
2018/03/01 23:40:00,1.05541
2018/03/01 23:45:00,1.055
2018/03/01 23:50:00,1.055
2018/03/01 23:55:00,1.055
2018/03/02 00:00:00,1.05441
2018/03/02 00:05:00,1.054
2018/03/02 00:10:00,1.05459
2018/03/02 00:15:00,1.05441
2018/03/02 00:20:00,1.054
2018/03/02 00:25:00,1.05459
2018/03/02 00:30:00,1.055
2018/03/02 00:35:00,1.05441
2018/03/02 00:40:00,1.05459
2018/03/02 00:45:00,1.055
2018/03/02 00:50:00,1.055
2018/03/02 00:55:00,1.05441
2018/03/02 01:00:00,1.05341
2018/03/02 01:05:00,1.05359
2018/03/02 01:10:00,1.054
2018/03/02 01:15:00,1.05518
2018/03/02 01:20:00,1.05541
2018/03/02 01:25:00,1.055
2018/03/02 01:30:00,1.05441
2018/03/02 01:35:00,1.05459
2018/03/02 01:40:00,1.055
2018/03/02 01:45:00,1.05441
2018/03/02 01:50:00,1.05518
2018/03/02 01:55:00,1.05541
2018/03/02 02:00:00,1.05441
2018/03/02 02:05:00,1.0576875
2018/03/02 02:10:00,1.05821
2018/03/02 02:15:00,1.058
2018/03/02 02:20:00,1.05721
2018/03/02 02:25:00,1.057
2018/03/02 02:30:00,1.057
2018/03/02 02:35:00,1.057
2018/03/02 02:40:00,1.05621
2018/03/02 02:45:00,1.05679
2018/03/02 02:50:00,1.05621
2018/03/02 02:55:00,1.056
2018/03/02 03:00:00,1.05521
2018/03/02 03:05:00,1.05579
2018/03/02 03:10:00,1.05521
2018/03/02 03:15:00,1.055
2018/03/02 03:20:00,1.05579
2018/03/02 03:25:00,1.05521
2018/03/02 03:30:00,1.055
2018/03/02 03:35:00,1.05579
2018/03/02 03:40:00,1.05521
2018/03/02 03:45:00,1.055
2018/03/02 03:50:00,1.055
2018/03/02 03:55:00,1.05579
2018/03/02 04:00:00,1.05521
2018/03/02 04:05:00,1.055
2018/03/02 04:10:00,1.05737
2018/03/02 04:15:00,1.0564200000000001
2018/03/02 04:20:00,1.05521
2018/03/02 04:25:00,1.055
2018/03/02 04:30:00,1.055
2018/03/02 04:35:00,1.055
2018/03/02 04:40:00,1.055
2018/03/02 04:45:00,1.05737
2018/03/02 04:50:00,1.05563
2018/03/02 04:55:00,1.055
2018/03/02 05:00:00,1.055
2018/03/02 05:05:00,1.05421
2018/03/02 05:10:00,1.05479
2018/03/02 05:15:00,1.05895
2018/03/02 05:20:00,1.0584200000000001
2018/03/02 05:25:00,1.05721
2018/03/02 05:30:00,1.05779
2018/03/02 05:35:00,1.05721
2018/03/02 05:40:00,1.0585799999999999
2018/03/02 05:45:00,1.06374
2018/03/02 05:50:00,1.06342
2018/03/02 05:55:00,1.06142
2018/03/02 06:00:00,1.06179
2018/03/02 06:05:00,1.06121
2018/03/02 06:10:00,1.05942
2018/03/02 06:15:00,1.05821
2018/03/02 06:20:00,1.058
2018/03/02 06:25:00,1.058
2018/03/02 06:30:00,1.058
2018/03/02 06:35:00,1.05721
2018/03/02 06:40:00,1.05779
2018/03/02 06:45:00,1.0564200000000001
2018/03/02 06:50:00,1.05679
2018/03/02 06:55:00,1.05621
2018/03/02 07:00:00,1.05521
2018/03/02 07:05:00,1.05579
2018/03/02 07:10:00,1.05521
2018/03/02 07:15:00,1.05579
2018/03/02 07:20:00,1.056
2018/03/02 07:25:00,1.05521
2018/03/02 07:30:00,1.055
2018/03/02 07:35:00,1.055
2018/03/02 07:40:00,1.055
2018/03/02 07:45:00,1.05421
2018/03/02 07:50:00,1.054
2018/03/02 07:55:00,1.05558
2018/03/02 08:00:00,1.0544200000000001
2018/03/02 08:05:00,1.054
2018/03/02 08:10:00,1.054
2018/03/02 08:15:00,1.05716
2018/03/02 08:20:00,1.05721
2018/03/02 08:25:00,1.057
2018/03/02 08:30:00,1.057
2018/03/02 08:35:00,1.057
2018/03/02 08:40:00,1.05621
2018/03/02 08:45:00,1.056
2018/03/02 08:50:00,1.056
2018/03/02 08:55:00,1.05521
2018/03/02 09:00:00,1.05579
2018/03/02 09:05:00,1.05521
2018/03/02 09:10:00,1.05579
2018/03/02 09:15:00,1.056
2018/03/02 09:20:00,1.05521
2018/03/02 09:25:00,1.055
2018/03/02 09:30:00,1.055
2018/03/02 09:35:00,1.05579
2018/03/02 09:40:00,1.05521
2018/03/02 09:45:00,1.055
2018/03/02 09:50:00,1.055
2018/03/02 09:55:00,1.055
2018/03/02 10:00:00,1.055
2018/03/02 10:05:00,1.055
2018/03/02 10:10:00,1.055
2018/03/02 10:15:00,1.055
2018/03/02 10:20:00,1.055
2018/03/02 10:25:00,1.055
2018/03/02 10:30:00,1.055
2018/03/02 10:35:00,1.055
2018/03/02 10:40:00,1.055
2018/03/02 10:45:00,1.055
2018/03/02 10:50:00,1.055
2018/03/02 10:55:00,1.055
2018/03/02 11:00:00,1.055
2018/03/02 11:05:00,1.05579
2018/03/02 11:10:00,1.05837
2018/03/02 11:15:00,1.05979
2018/03/02 11:20:00,1.0742200000000002
2018/03/02 11:25:00,1.0764200000000002
2018/03/02 11:30:00,1.07521
2018/03/02 11:35:00,1.07342
2018/03/02 11:40:00,1.07142
2018/03/02 11:45:00,1.07021
2018/03/02 11:50:00,1.0684200000000001
2018/03/02 11:55:00,1.068
2018/03/02 12:00:00,1.0664200000000001
2018/03/02 12:05:00,1.066
2018/03/02 12:10:00,1.06521
2018/03/02 12:15:00,1.06895
2018/03/02 12:20:00,1.06921
2018/03/02 12:25:00,1.06821
2018/03/02 12:30:00,1.068
2018/03/02 12:35:00,1.0664200000000001
2018/03/02 12:40:00,1.06521
2018/03/02 12:45:00,1.06421
2018/03/02 12:50:00,1.06479
2018/03/02 12:55:00,1.06421
2018/03/02 13:00:00,1.06321
2018/03/02 13:05:00,1.063
2018/03/02 13:10:00,1.06379
2018/03/02 13:15:00,1.06321
2018/03/02 13:20:00,1.06221
2018/03/02 13:25:00,1.06358
2018/03/02 13:30:00,1.06321
2018/03/02 13:35:00,1.06142
2018/03/02 13:40:00,1.061
2018/03/02 13:45:00,1.06179
2018/03/02 13:50:00,1.0604200000000001
2018/03/02 13:55:00,1.06079
2018/03/02 14:00:00,1.06021
2018/03/02 14:05:00,1.06158
2018/03/02 14:10:00,1.062
2018/03/02 14:15:00,1.06121
2018/03/02 14:20:00,1.0625799999999999
2018/03/02 14:25:00,1.06221
2018/03/02 14:30:00,1.06358
2018/03/02 14:35:00,1.06479
2018/03/02 14:40:00,1.06421
2018/03/02 14:45:00,1.064
2018/03/02 14:50:00,1.06321
2018/03/02 14:55:00,1.06379
2018/03/02 15:00:00,1.06163
2018/03/02 15:05:00,1.06179
2018/03/02 15:10:00,1.06358
2018/03/02 15:15:00,1.06321
2018/03/02 15:20:00,1.063
2018/03/02 15:25:00,1.063
2018/03/02 15:30:00,1.06221
2018/03/02 15:35:00,1.06279
2018/03/02 15:40:00,1.063
2018/03/02 15:45:00,1.06142
2018/03/02 15:50:00,1.06179
2018/03/02 15:55:00,1.062
2018/03/02 16:00:00,1.06121
2018/03/02 16:05:00,1.06179
2018/03/02 16:10:00,1.06279
2018/03/02 16:15:00,1.06221
2018/03/02 16:20:00,1.062
2018/03/02 16:25:00,1.06121
2018/03/02 16:30:00,1.06179
2018/03/02 16:35:00,1.062
2018/03/02 16:40:00,1.06121
2018/03/02 16:45:00,1.0625799999999999
2018/03/02 16:50:00,1.06221
2018/03/02 16:55:00,1.062
2018/03/02 17:00:00,1.062
2018/03/02 17:05:00,1.062
2018/03/02 17:10:00,1.062
2018/03/02 17:15:00,1.06279
2018/03/02 17:20:00,1.063
2018/03/02 17:25:00,1.06379
2018/03/02 17:30:00,1.06479
2018/03/02 17:35:00,1.065
2018/03/02 17:40:00,1.06342
2018/03/02 17:45:00,1.06379
2018/03/02 17:50:00,1.06479
2018/03/02 17:55:00,1.06421
2018/03/02 18:00:00,1.06479
2018/03/02 18:05:00,1.065
2018/03/02 18:10:00,1.06421
2018/03/02 18:15:00,1.06558
2018/03/02 18:20:00,1.06521
2018/03/02 18:25:00,1.065
2018/03/02 18:30:00,1.06421
2018/03/02 18:35:00,1.06479
2018/03/02 18:40:00,1.065
2018/03/02 18:45:00,1.06421
2018/03/02 18:50:00,1.06558
2018/03/02 18:55:00,1.06521
2018/03/02 19:00:00,1.065
2018/03/02 19:05:00,1.065
2018/03/02 19:10:00,1.065
2018/03/02 19:15:00,1.065
2018/03/02 19:20:00,1.06421
2018/03/02 19:25:00,1.064
2018/03/02 19:30:00,1.06479
2018/03/02 19:35:00,1.065
2018/03/02 19:40:00,1.06421
2018/03/02 19:45:00,1.064
2018/03/02 19:50:00,1.06479
2018/03/02 19:55:00,1.065
2018/03/02 20:00:00,1.065
2018/03/02 20:05:00,1.06421
2018/03/02 20:10:00,1.06558
2018/03/02 20:15:00,1.06679
2018/03/02 20:20:00,1.067
2018/03/02 20:25:00,1.067
2018/03/02 20:30:00,1.067
2018/03/02 20:35:00,1.06621
2018/03/02 20:40:00,1.06758
2018/03/02 20:45:00,1.06721
2018/03/02 20:50:00,1.06621
2018/03/02 20:55:00,1.066
2018/03/02 21:00:00,1.066
2018/03/02 21:05:00,1.06521
2018/03/02 21:10:00,1.065
2018/03/02 21:15:00,1.06579
2018/03/02 21:20:00,1.066
2018/03/02 21:25:00,1.066
2018/03/02 21:30:00,1.06521
2018/03/02 21:35:00,1.065
2018/03/02 21:40:00,1.06579
2018/03/02 21:45:00,1.066
2018/03/02 21:50:00,1.06521
2018/03/02 21:55:00,1.06579
2018/03/02 22:00:00,1.066
2018/03/02 22:05:00,1.066
2018/03/02 22:10:00,1.06521
2018/03/02 22:15:00,1.065
2018/03/02 22:20:00,1.06579
2018/03/02 22:25:00,1.06521
2018/03/02 22:30:00,1.065
2018/03/02 22:35:00,1.06579
2018/03/02 22:40:00,1.06521
2018/03/02 22:45:00,1.065
2018/03/02 22:50:00,1.065
2018/03/02 22:55:00,1.06421
2018/03/02 23:00:00,1.06479
2018/03/02 23:05:00,1.065
2018/03/02 23:10:00,1.0665799999999999
2018/03/02 23:15:00,1.06779
2018/03/02 23:20:00,1.068
2018/03/02 23:25:00,1.06721
2018/03/02 23:30:00,1.067
2018/03/02 23:35:00,1.067
2018/03/02 23:40:00,1.06937
2018/03/02 23:45:00,1.0731600000000001
2018/03/02 23:50:00,1.0724200000000002
2018/03/02 23:55:00,1.07121
2018/03/03 00:00:00,1.07021
2018/03/03 00:05:00,1.06921
2018/03/03 00:10:00,1.06821
2018/03/03 00:15:00,1.06879
2018/03/03 00:20:00,1.06821
2018/03/03 00:25:00,1.06721
2018/03/03 00:30:00,1.06779
2018/03/03 00:35:00,1.06721
2018/03/03 00:40:00,1.067
2018/03/03 00:45:00,1.06621
2018/03/03 00:50:00,1.066
2018/03/03 00:55:00,1.066
2018/03/03 01:00:00,1.066
2018/03/03 01:05:00,1.06679
2018/03/03 01:10:00,1.06621
2018/03/03 01:15:00,1.066
2018/03/03 01:20:00,1.06521
2018/03/03 01:25:00,1.065
2018/03/03 01:30:00,1.06579
2018/03/03 01:35:00,1.066
2018/03/03 01:40:00,1.06521
2018/03/03 01:45:00,1.06579
2018/03/03 01:50:00,1.066
2018/03/03 01:55:00,1.06521
2018/03/03 02:00:00,1.065
2018/03/03 02:05:00,1.065
2018/03/03 02:10:00,1.06895
2018/03/03 02:15:00,1.06921
2018/03/03 02:20:00,1.06821
2018/03/03 02:25:00,1.068
2018/03/03 02:30:00,1.06721
2018/03/03 02:35:00,1.067
2018/03/03 02:40:00,1.067
2018/03/03 02:45:00,1.067
2018/03/03 02:50:00,1.06779
2018/03/03 02:55:00,1.06721
2018/03/03 03:00:00,1.067
2018/03/03 03:05:00,1.067
2018/03/03 03:10:00,1.067
2018/03/03 03:15:00,1.067
2018/03/03 03:20:00,1.06621
2018/03/03 03:25:00,1.06679
2018/03/03 03:30:00,1.067
2018/03/03 03:35:00,1.06621
2018/03/03 03:40:00,1.066
2018/03/03 03:45:00,1.066
2018/03/03 03:50:00,1.066
2018/03/03 03:55:00,1.066
2018/03/03 04:00:00,1.06679
2018/03/03 04:05:00,1.067
2018/03/03 04:10:00,1.06621
2018/03/03 04:15:00,1.066
2018/03/03 04:20:00,1.06679
2018/03/03 04:25:00,1.06621
2018/03/03 04:30:00,1.066
2018/03/03 04:35:00,1.06758
2018/03/03 04:40:00,1.06721
2018/03/03 04:45:00,1.067
2018/03/03 04:50:00,1.067
2018/03/03 04:55:00,1.06621
2018/03/03 05:00:00,1.06679
2018/03/03 05:05:00,1.067
2018/03/03 05:10:00,1.07016
2018/03/03 05:15:00,1.07021
2018/03/03 05:20:00,1.06921
2018/03/03 05:25:00,1.069
2018/03/03 05:30:00,1.06821
2018/03/03 05:35:00,1.06879
2018/03/03 05:40:00,1.06821
2018/03/03 05:45:00,1.06879
2018/03/03 05:50:00,1.069
2018/03/03 05:55:00,1.06821
2018/03/03 06:00:00,1.06721
2018/03/03 06:05:00,1.06779
2018/03/03 06:10:00,1.068
2018/03/03 06:15:00,1.068
2018/03/03 06:20:00,1.06721
2018/03/03 06:25:00,1.067
2018/03/03 06:30:00,1.067
2018/03/03 06:35:00,1.067
2018/03/03 06:40:00,1.067
2018/03/03 06:45:00,1.06779
2018/03/03 06:50:00,1.06721
2018/03/03 06:55:00,1.067
2018/03/03 07:00:00,1.067
2018/03/03 07:05:00,1.067
2018/03/03 07:10:00,1.067
2018/03/03 07:15:00,1.06621
2018/03/03 07:20:00,1.06679
2018/03/03 07:25:00,1.067
2018/03/03 07:30:00,1.067
2018/03/03 07:35:00,1.06779
2018/03/03 07:40:00,1.06721
2018/03/03 07:45:00,1.067
2018/03/03 07:50:00,1.067
2018/03/03 07:55:00,1.06779
2018/03/03 08:00:00,1.06721
2018/03/03 08:05:00,1.06779
2018/03/03 08:10:00,1.06958
2018/03/03 08:15:00,1.06921
2018/03/03 08:20:00,1.069
2018/03/03 08:25:00,1.069
2018/03/03 08:30:00,1.06821
2018/03/03 08:35:00,1.06879
2018/03/03 08:40:00,1.06821
2018/03/03 08:45:00,1.06721
2018/03/03 08:50:00,1.0685799999999999
2018/03/03 08:55:00,1.06742
2018/03/03 09:00:00,1.067
2018/03/03 09:05:00,1.06621
2018/03/03 09:10:00,1.066
2018/03/03 09:15:00,1.06679
2018/03/03 09:20:00,1.06621
2018/03/03 09:25:00,1.06758
2018/03/03 09:30:00,1.06721
2018/03/03 09:35:00,1.067
2018/03/03 09:40:00,1.06621
2018/03/03 09:45:00,1.066
2018/03/03 09:50:00,1.066
2018/03/03 09:55:00,1.066
2018/03/03 10:00:00,1.06679
2018/03/03 10:05:00,1.067
2018/03/03 10:10:00,1.067
2018/03/03 10:15:00,1.06621
2018/03/03 10:20:00,1.066
2018/03/03 10:25:00,1.09049
2018/03/03 10:30:00,1.08436
2018/03/03 10:35:00,1.07705
2018/03/03 10:40:00,1.07284
2018/03/03 10:45:00,1.06884
2018/03/03 10:50:00,1.06484
2018/03/03 10:55:00,1.06163
2018/03/03 11:00:00,1.05942
2018/03/03 11:05:00,1.059
2018/03/03 11:10:00,1.05742
2018/03/03 11:15:00,1.05621
2018/03/03 11:20:00,1.0544200000000001
2018/03/03 11:25:00,1.05321
2018/03/03 11:30:00,1.05142
2018/03/03 11:35:00,1.05021
2018/03/03 11:40:00,1.0484200000000001
2018/03/03 11:45:00,1.04721
2018/03/03 11:50:00,1.04937
2018/03/03 11:55:00,1.04605
2018/03/03 12:00:00,1.04421
2018/03/03 12:05:00,1.04321
2018/03/03 12:10:00,1.04221
2018/03/03 12:15:00,1.0427899999999999
2018/03/03 12:20:00,1.04142
2018/03/03 12:25:00,1.04021
2018/03/03 12:30:00,1.0407899999999999
2018/03/03 12:35:00,1.04021
2018/03/03 12:40:00,1.04
2018/03/03 12:45:00,1.04
2018/03/03 12:50:00,1.04
2018/03/03 12:55:00,1.03921
2018/03/03 13:00:00,1.03821
2018/03/03 13:05:00,1.0387899999999999
2018/03/03 13:10:00,1.03821
2018/03/03 13:15:00,1.038
2018/03/03 13:20:00,1.038
2018/03/03 13:25:00,1.03721
2018/03/03 13:30:00,1.03779
2018/03/03 13:35:00,1.03721
2018/03/03 13:40:00,1.037
2018/03/03 13:45:00,1.03779
2018/03/03 13:50:00,1.038
2018/03/03 13:55:00,1.038
2018/03/03 14:00:00,1.0387899999999999
2018/03/03 14:05:00,1.03821
2018/03/03 14:10:00,1.03958
2018/03/03 14:15:00,1.04316
2018/03/03 14:20:00,1.04163
2018/03/03 14:25:00,1.041
2018/03/03 14:30:00,1.04021
2018/03/03 14:35:00,1.04
2018/03/03 14:40:00,1.04
2018/03/03 14:45:00,1.04
2018/03/03 14:50:00,1.04
2018/03/03 14:55:00,1.0407899999999999
2018/03/03 15:00:00,1.04021
2018/03/03 15:05:00,1.04
2018/03/03 15:10:00,1.03921
2018/03/03 15:15:00,1.039
2018/03/03 15:20:00,1.039
2018/03/03 15:25:00,1.039
2018/03/03 15:30:00,1.04216
2018/03/03 15:35:00,1.04063
2018/03/03 15:40:00,1.03921
2018/03/03 15:45:00,1.04216
2018/03/03 15:50:00,1.04379
2018/03/03 15:55:00,1.044
2018/03/03 16:00:00,1.04321
2018/03/03 16:05:00,1.04221
2018/03/03 16:10:00,1.0427899999999999
2018/03/03 16:15:00,1.043
2018/03/03 16:20:00,1.04221
2018/03/03 16:25:00,1.04121
2018/03/03 16:30:00,1.0425799999999998
2018/03/03 16:35:00,1.04142
2018/03/03 16:40:00,1.041
2018/03/03 16:45:00,1.04337
2018/03/03 16:50:00,1.04163
2018/03/03 16:55:00,1.04021
2018/03/03 17:00:00,1.04
2018/03/03 17:05:00,1.04
2018/03/03 17:10:00,1.03921
2018/03/03 17:15:00,1.03979
2018/03/03 17:20:00,1.05659
2018/03/03 17:25:00,1.06732
2018/03/03 17:30:00,1.07295
2018/03/03 17:35:00,1.07005
2018/03/03 17:40:00,1.06584
2018/03/03 17:45:00,1.06342
2018/03/03 17:50:00,1.06142
2018/03/03 17:55:00,1.05942
2018/03/03 18:00:00,1.05821
2018/03/03 18:05:00,1.0564200000000001
2018/03/03 18:10:00,1.0544200000000001
2018/03/03 18:15:00,1.0524200000000001
2018/03/03 18:20:00,1.05121
2018/03/03 18:25:00,1.05021
2018/03/03 18:30:00,1.04921
2018/03/03 18:35:00,1.04821
2018/03/03 18:40:00,1.048
2018/03/03 18:45:00,1.04721
2018/03/03 18:50:00,1.04621
2018/03/03 18:55:00,1.046
2018/03/03 19:00:00,1.0467899999999999
2018/03/03 19:05:00,1.04542
2018/03/03 19:10:00,1.04421
2018/03/03 19:15:00,1.044
2018/03/03 19:20:00,1.0447899999999999
2018/03/03 19:25:00,1.04421
2018/03/03 19:30:00,1.04321
2018/03/03 19:35:00,1.04221
2018/03/03 19:40:00,1.042
2018/03/03 19:45:00,1.042
2018/03/03 19:50:00,1.04121
2018/03/03 19:55:00,1.041
2018/03/03 20:00:00,1.041
2018/03/03 20:05:00,1.041
2018/03/03 20:10:00,1.04021
2018/03/03 20:15:00,1.0407899999999999
2018/03/03 20:20:00,1.04179
2018/03/03 20:25:00,1.0427899999999999
2018/03/03 20:30:00,1.04537
2018/03/03 20:35:00,1.04363
2018/03/03 20:40:00,1.04221
2018/03/03 20:45:00,1.042
2018/03/03 20:50:00,1.04121
2018/03/03 20:55:00,1.04179
2018/03/03 21:00:00,1.04121
2018/03/03 21:05:00,1.041
2018/03/03 21:10:00,1.041
2018/03/03 21:15:00,1.041
2018/03/03 21:20:00,1.04021
2018/03/03 21:25:00,1.0407899999999999
2018/03/03 21:30:00,1.04021
2018/03/03 21:35:00,1.04
2018/03/03 21:40:00,1.04
2018/03/03 21:45:00,1.04
2018/03/03 21:50:00,1.04
2018/03/03 21:55:00,1.04
2018/03/03 22:00:00,1.03921
2018/03/03 22:05:00,1.03979
2018/03/03 22:10:00,1.03921
2018/03/03 22:15:00,1.04216
2018/03/03 22:20:00,1.04063
2018/03/03 22:25:00,1.04
2018/03/03 22:30:00,1.03921
2018/03/03 22:35:00,1.039
2018/03/03 22:40:00,1.039
2018/03/03 22:45:00,1.039
2018/03/03 22:50:00,1.039
2018/03/03 22:55:00,1.039
2018/03/03 23:00:00,1.039
2018/03/03 23:05:00,1.039
2018/03/03 23:10:00,1.039
2018/03/03 23:15:00,1.04137
2018/03/03 23:20:00,1.042
2018/03/03 23:25:00,1.042
2018/03/03 23:30:00,1.04121
2018/03/03 23:35:00,1.04179
2018/03/03 23:40:00,1.042
2018/03/03 23:45:00,1.04121
2018/03/03 23:50:00,1.0425799999999998
2018/03/03 23:55:00,1.04142
2018/03/04 00:00:00,1.041
2018/03/04 00:05:00,1.0425799999999998
2018/03/04 00:10:00,1.04142
2018/03/04 00:15:00,1.041
2018/03/04 00:20:00,1.041
2018/03/04 00:25:00,1.04021
2018/03/04 00:30:00,1.0407899999999999
2018/03/04 00:35:00,1.04021
2018/03/04 00:40:00,1.04
2018/03/04 00:45:00,1.03921
2018/03/04 00:50:00,1.03979
2018/03/04 00:55:00,1.04
2018/03/04 01:00:00,1.04
2018/03/04 01:05:00,1.03921
2018/03/04 01:10:00,1.03979
2018/03/04 01:15:00,1.04
2018/03/04 01:20:00,1.0407899999999999
2018/03/04 01:25:00,1.04021
2018/03/04 01:30:00,1.04
2018/03/04 01:35:00,1.03921
2018/03/04 01:40:00,1.03979
2018/03/04 01:45:00,1.04
2018/03/04 01:50:00,1.04
2018/03/04 01:55:00,1.0407899999999999
2018/03/04 02:00:00,1.04021
2018/03/04 02:05:00,1.04
2018/03/04 02:10:00,1.0407899999999999
2018/03/04 02:15:00,1.04337
2018/03/04 02:20:00,1.04321
2018/03/04 02:25:00,1.04379
2018/03/04 02:30:00,1.04321
2018/03/04 02:35:00,1.04221
2018/03/04 02:40:00,1.042
2018/03/04 02:45:00,1.04358
2018/03/04 02:50:00,1.0424200000000001
2018/03/04 02:55:00,1.042
2018/03/04 03:00:00,1.04358
2018/03/04 03:05:00,1.0424200000000001
2018/03/04 03:10:00,1.042
2018/03/04 03:15:00,1.04121
2018/03/04 03:20:00,1.041
2018/03/04 03:25:00,1.04179
2018/03/04 03:30:00,1.04121
2018/03/04 03:35:00,1.041
2018/03/04 03:40:00,1.04179
2018/03/04 03:45:00,1.04121
2018/03/04 03:50:00,1.041
2018/03/04 03:55:00,1.041
2018/03/04 04:00:00,1.041
2018/03/04 04:05:00,1.041
2018/03/04 04:10:00,1.041
2018/03/04 04:15:00,1.04021
2018/03/04 04:20:00,1.0407899999999999
2018/03/04 04:25:00,1.041
2018/03/04 04:30:00,1.04021
2018/03/04 04:35:00,1.04158
2018/03/04 04:40:00,1.04121
2018/03/04 04:45:00,1.041
2018/03/04 04:50:00,1.041
2018/03/04 04:55:00,1.041
2018/03/04 05:00:00,1.041
2018/03/04 05:05:00,1.04021
2018/03/04 05:10:00,1.04
2018/03/04 05:15:00,1.04
2018/03/04 05:20:00,1.04395
2018/03/04 05:25:00,1.04342
2018/03/04 05:30:00,1.043
2018/03/04 05:35:00,1.04379
2018/03/04 05:40:00,1.04321
2018/03/04 05:45:00,1.04221
2018/03/04 05:50:00,1.0427899999999999
2018/03/04 05:55:00,1.043
2018/03/04 06:00:00,1.04221
2018/03/04 06:05:00,1.0427899999999999
2018/03/04 06:10:00,1.043
2018/03/04 06:15:00,1.043
2018/03/04 06:20:00,1.04221
2018/03/04 06:25:00,1.042
2018/03/04 06:30:00,1.042
2018/03/04 06:35:00,1.042
2018/03/04 06:40:00,1.04121
2018/03/04 06:45:00,1.0425799999999998
2018/03/04 06:50:00,1.04221
2018/03/04 06:55:00,1.04121
2018/03/04 07:00:00,1.04179
2018/03/04 07:05:00,1.042
2018/03/04 07:10:00,1.042
2018/03/04 07:15:00,1.04121
2018/03/04 07:20:00,1.04179
2018/03/04 07:25:00,1.04121
2018/03/04 07:30:00,1.041
2018/03/04 07:35:00,1.041
2018/03/04 07:40:00,1.041
2018/03/04 07:45:00,1.04179
2018/03/04 07:50:00,1.04121
2018/03/04 07:55:00,1.041
2018/03/04 08:00:00,1.04179
2018/03/04 08:05:00,1.042
2018/03/04 08:10:00,1.0427899999999999
2018/03/04 08:15:00,1.04537
2018/03/04 08:20:00,1.0444200000000001
2018/03/04 08:25:00,1.044
2018/03/04 08:30:00,1.04321
2018/03/04 08:35:00,1.0445799999999998
2018/03/04 08:40:00,1.04342
2018/03/04 08:45:00,1.043
2018/03/04 08:50:00,1.043
2018/03/04 08:55:00,1.04221
2018/03/04 09:00:00,1.0427899999999999
2018/03/04 09:05:00,1.043
2018/03/04 09:10:00,1.043
2018/03/04 09:15:00,1.04221
2018/03/04 09:20:00,1.0427899999999999
2018/03/04 09:25:00,1.04221
2018/03/04 09:30:00,1.0427899999999999
2018/03/04 09:35:00,1.043
2018/03/04 09:40:00,1.04142
2018/03/04 09:45:00,1.04179
2018/03/04 09:50:00,1.042
2018/03/04 09:55:00,1.042
2018/03/04 10:00:00,1.04121
2018/03/04 10:05:00,1.041
2018/03/04 10:10:00,1.04179
2018/03/04 10:15:00,1.042
2018/03/04 10:20:00,1.04358
2018/03/04 10:25:00,1.0424200000000001
2018/03/04 10:30:00,1.042
2018/03/04 10:35:00,1.04121
2018/03/04 10:40:00,1.0425799999999998
2018/03/04 10:45:00,1.04221
2018/03/04 10:50:00,1.04121
2018/03/04 10:55:00,1.0425799999999998
2018/03/04 11:00:00,1.04221
2018/03/04 11:05:00,1.04121
2018/03/04 11:10:00,1.0425799999999998
2018/03/04 11:15:00,1.04537
2018/03/04 11:20:00,1.04521
2018/03/04 11:25:00,1.045
2018/03/04 11:30:00,1.04421
2018/03/04 11:35:00,1.0447899999999999
2018/03/04 11:40:00,1.05211
2018/03/04 11:45:00,1.05163
2018/03/04 11:50:00,1.05021
2018/03/04 11:55:00,1.05
2018/03/04 12:00:00,1.04921
2018/03/04 12:05:00,1.05137
2018/03/04 12:10:00,1.04884
2018/03/04 12:15:00,1.048
2018/03/04 12:20:00,1.04721
2018/03/04 12:25:00,1.04621
2018/03/04 12:30:00,1.0467899999999999
2018/03/04 12:35:00,1.04621
2018/03/04 12:40:00,1.046
2018/03/04 12:45:00,1.046
2018/03/04 12:50:00,1.04521
2018/03/04 12:55:00,1.045
2018/03/04 13:00:00,1.04421
2018/03/04 13:05:00,1.0447899999999999
2018/03/04 13:10:00,1.045
2018/03/04 13:15:00,1.04895
2018/03/04 13:20:00,1.05237
2018/03/04 13:25:00,1.053
2018/03/04 13:30:00,1.05379
2018/03/04 13:35:00,1.054
2018/03/04 13:40:00,1.05321
2018/03/04 13:45:00,1.05221
2018/03/04 13:50:00,1.05279
2018/03/04 13:55:00,1.05221
2018/03/04 14:00:00,1.05121
2018/03/04 14:05:00,1.05495
2018/03/04 14:10:00,1.056
2018/03/04 14:15:00,1.05284
2018/03/04 14:20:00,1.05121
2018/03/04 14:25:00,1.051
2018/03/04 14:30:00,1.05416
2018/03/04 14:35:00,1.0723799999999999
2018/03/04 14:40:00,1.0999100000000002
2018/03/04 14:45:00,1.10995
2018/03/04 14:50:00,1.12048
2018/03/04 14:55:00,1.1174700000000002
2018/03/04 15:00:00,1.11205
2018/03/04 15:05:00,1.1046799999999999
2018/03/04 15:10:00,1.09589
2018/03/04 15:15:00,1.0924200000000002
2018/03/04 15:20:00,1.08015
2018/03/04 15:25:00,1.07542
2018/03/04 15:30:00,1.07263
2018/03/04 15:35:00,1.06647
2018/03/04 15:40:00,1.06421
2018/03/04 15:45:00,1.05926
2018/03/04 15:50:00,1.0564200000000001
2018/03/04 15:55:00,1.05284
2018/03/04 16:00:00,1.052
2018/03/04 16:05:00,1.04647
2018/03/04 16:10:00,1.04737
2018/03/04 16:15:00,1.0464200000000001
2018/03/04 16:20:00,1.04284
2018/03/04 16:25:00,1.04121
2018/03/04 16:30:00,1.03942
2018/03/04 16:35:00,1.03742
2018/03/04 16:40:00,1.03779
2018/03/04 16:45:00,1.0364200000000001
2018/03/04 16:50:00,1.03521
2018/03/04 16:55:00,1.035
2018/03/04 17:00:00,1.0365799999999998
2018/03/04 17:05:00,1.037
2018/03/04 17:10:00,1.03542
2018/03/04 17:15:00,1.035
2018/03/04 17:20:00,1.03421
2018/03/04 17:25:00,1.0347899999999999
2018/03/04 17:30:00,1.03342
2018/03/04 17:35:00,1.03379
2018/03/04 17:40:00,1.03084
2018/03/04 17:45:00,1.03158
2018/03/04 17:50:00,1.03121
2018/03/04 17:55:00,1.03179
2018/03/04 18:00:00,1.0304200000000001
2018/03/04 18:05:00,1.0307899999999999
2018/03/04 18:10:00,1.031
2018/03/04 18:15:00,1.03021
2018/03/04 18:20:00,1.02921
2018/03/04 18:25:00,1.02821
2018/03/04 18:30:00,1.028
2018/03/04 18:35:00,1.0287899999999999
2018/03/04 18:40:00,1.02821
2018/03/04 18:45:00,1.0287899999999999
2018/03/04 18:50:00,1.02821
2018/03/04 18:55:00,1.0287899999999999
2018/03/04 19:00:00,1.0258399999999999
2018/03/04 19:05:00,1.02737
2018/03/04 19:10:00,1.02642
2018/03/04 19:15:00,1.0267899999999999
2018/03/04 19:20:00,1.027
2018/03/04 19:25:00,1.027
2018/03/04 19:30:00,1.02621
2018/03/04 19:35:00,1.0267899999999999
2018/03/04 19:40:00,1.02779
2018/03/04 19:45:00,1.02721
2018/03/04 19:50:00,1.02621
2018/03/04 19:55:00,1.0267899999999999
2018/03/04 20:00:00,1.03253
2018/03/04 20:05:00,1.03084
2018/03/04 20:10:00,1.02921
2018/03/04 20:15:00,1.02979
2018/03/04 20:20:00,1.02921
2018/03/04 20:25:00,1.02979
2018/03/04 20:30:00,1.03158
2018/03/04 20:35:00,1.02963
2018/03/04 20:40:00,1.029
2018/03/04 20:45:00,1.02821
2018/03/04 20:50:00,1.028
2018/03/04 20:55:00,1.02721
2018/03/04 21:00:00,1.02779
2018/03/04 21:05:00,1.02721
2018/03/04 21:10:00,1.02779
2018/03/04 21:15:00,1.028
2018/03/04 21:20:00,1.02721
2018/03/04 21:25:00,1.02621
2018/03/04 21:30:00,1.02758
2018/03/04 21:35:00,1.02642
2018/03/04 21:40:00,1.026
2018/03/04 21:45:00,1.02916
2018/03/04 21:50:00,1.02763
2018/03/04 21:55:00,1.02779
2018/03/04 22:00:00,1.02721
2018/03/04 22:05:00,1.02621
2018/03/04 22:10:00,1.02837
2018/03/04 22:15:00,1.02663
2018/03/04 22:20:00,1.026
2018/03/04 22:25:00,1.0267899999999999
2018/03/04 22:30:00,1.02621
2018/03/04 22:35:00,1.026
2018/03/04 22:40:00,1.026
2018/03/04 22:45:00,1.0267899999999999
2018/03/04 22:50:00,1.02621
2018/03/04 22:55:00,1.02758
2018/03/04 23:00:00,1.02642
2018/03/04 23:05:00,1.03074
2018/03/04 23:10:00,1.0304200000000001
2018/03/04 23:15:00,1.0307899999999999
2018/03/04 23:20:00,1.03021
2018/03/04 23:25:00,1.03
2018/03/04 23:30:00,1.0307899999999999
2018/03/04 23:35:00,1.03337
2018/03/04 23:40:00,1.0324200000000001
2018/03/04 23:45:00,1.032
2018/03/04 23:50:00,1.0327899999999999
2018/03/04 23:55:00,1.03537
2018/03/05 00:00:00,1.036
2018/03/05 00:05:00,1.0367899999999999
2018/03/05 00:10:00,1.03779
2018/03/05 00:15:00,1.0387899999999999
2018/03/05 00:20:00,1.03979
2018/03/05 00:25:00,1.04
2018/03/05 00:30:00,1.04237
2018/03/05 00:35:00,1.043
2018/03/05 00:40:00,1.043
2018/03/05 00:45:00,1.04537
2018/03/05 00:50:00,1.04521
2018/03/05 00:55:00,1.045
2018/03/05 01:00:00,1.0465799999999998
2018/03/05 01:05:00,1.04779
2018/03/05 01:10:00,1.048
2018/03/05 01:15:00,1.048
2018/03/05 01:20:00,1.05116
2018/03/05 01:25:00,1.05121
2018/03/05 01:30:00,1.05021
2018/03/05 01:35:00,1.05079
2018/03/05 01:40:00,1.051
2018/03/05 01:45:00,1.05179
2018/03/05 01:50:00,1.052
2018/03/05 01:55:00,1.052
2018/03/05 02:00:00,1.05279
2018/03/05 02:05:00,1.05774
2018/03/05 02:10:00,1.059
2018/03/05 02:15:00,1.05742
2018/03/05 02:20:00,1.0585799999999999
2018/03/05 02:25:00,1.05821
2018/03/05 02:30:00,1.058
2018/03/05 02:35:00,1.05879
2018/03/05 02:40:00,1.05821
2018/03/05 02:45:00,1.05958
2018/03/05 02:50:00,1.06
2018/03/05 02:55:00,1.06
2018/03/05 03:00:00,1.06
2018/03/05 03:05:00,1.05921
2018/03/05 03:10:00,1.0605799999999999
2018/03/05 03:15:00,1.061
2018/03/05 03:20:00,1.06021
2018/03/05 03:25:00,1.06
2018/03/05 03:30:00,1.06158
2018/03/05 03:35:00,1.06121
2018/03/05 03:40:00,1.06179
2018/03/05 03:45:00,1.062
2018/03/05 03:50:00,1.06358
2018/03/05 03:55:00,1.06321
2018/03/05 04:00:00,1.06221
2018/03/05 04:05:00,1.062
2018/03/05 04:10:00,1.06279
2018/03/05 04:15:00,1.063
2018/03/05 04:20:00,1.06221
2018/03/05 04:25:00,1.06279
2018/03/05 04:30:00,1.063
2018/03/05 04:35:00,1.063
2018/03/05 04:40:00,1.063
2018/03/05 04:45:00,1.06221
2018/03/05 04:50:00,1.06279
2018/03/05 04:55:00,1.063
2018/03/05 05:00:00,1.063
2018/03/05 05:05:00,1.063
2018/03/05 05:10:00,1.0645799999999999
2018/03/05 05:15:00,1.06579
2018/03/05 05:20:00,1.06521
2018/03/05 05:25:00,1.06974
2018/03/05 05:30:00,1.07021
2018/03/05 05:35:00,1.07
2018/03/05 05:40:00,1.07
2018/03/05 05:45:00,1.06921
2018/03/05 05:50:00,1.06821
2018/03/05 05:55:00,1.06721
2018/03/05 06:00:00,1.067
2018/03/05 06:05:00,1.06621
2018/03/05 06:10:00,1.06521
2018/03/05 06:15:00,1.065
2018/03/05 06:20:00,1.06421
2018/03/05 06:25:00,1.064
2018/03/05 06:30:00,1.064
2018/03/05 06:35:00,1.06479
2018/03/05 06:40:00,1.06421
2018/03/05 06:45:00,1.06321
2018/03/05 06:50:00,1.0645799999999999
2018/03/05 06:55:00,1.06342
2018/03/05 07:00:00,1.06221
2018/03/05 07:05:00,1.062
2018/03/05 07:10:00,1.06121
2018/03/05 07:15:00,1.0625799999999999
2018/03/05 07:20:00,1.06221
2018/03/05 07:25:00,1.0604200000000001
2018/03/05 07:30:00,1.06158
2018/03/05 07:35:00,1.05963
2018/03/05 07:40:00,1.059
2018/03/05 07:45:00,1.05979
2018/03/05 07:50:00,1.06
2018/03/05 07:55:00,1.06
2018/03/05 08:00:00,1.06
2018/03/05 08:05:00,1.06237
2018/03/05 08:10:00,1.06379
2018/03/05 08:15:00,1.064
2018/03/05 08:20:00,1.0624200000000001
2018/03/05 08:25:00,1.062
2018/03/05 08:30:00,1.062
2018/03/05 08:35:00,1.062
2018/03/05 08:40:00,1.06358
2018/03/05 08:45:00,1.06321
2018/03/05 08:50:00,1.06221
2018/03/05 08:55:00,1.06121
2018/03/05 09:00:00,1.061
2018/03/05 09:05:00,1.06021
2018/03/05 09:10:00,1.06079
2018/03/05 09:15:00,1.061
2018/03/05 09:20:00,1.061
2018/03/05 09:25:00,1.06021
2018/03/05 09:30:00,1.06079
2018/03/05 09:35:00,1.05942
2018/03/05 09:40:00,1.05979
2018/03/05 09:45:00,1.06079
2018/03/05 09:50:00,1.05942
2018/03/05 09:55:00,1.06137
2018/03/05 10:00:00,1.06121
2018/03/05 10:05:00,1.06179
2018/03/05 10:10:00,1.06121
2018/03/05 10:15:00,1.06021
2018/03/05 10:20:00,1.06237
2018/03/05 10:25:00,1.06142
2018/03/05 10:30:00,1.06021
2018/03/05 10:35:00,1.06316
2018/03/05 10:40:00,1.06163
2018/03/05 10:45:00,1.06021
2018/03/05 10:50:00,1.06
2018/03/05 10:55:00,1.06079
2018/03/05 11:00:00,1.06021
2018/03/05 11:05:00,1.06474
2018/03/05 11:10:00,1.066
2018/03/05 11:15:00,1.06363
2018/03/05 11:20:00,1.06379
2018/03/05 11:25:00,1.06163
2018/03/05 11:30:00,1.06337
2018/03/05 11:35:00,1.064
2018/03/05 11:40:00,1.064
2018/03/05 11:45:00,1.064
2018/03/05 11:50:00,1.06558
2018/03/05 11:55:00,1.0644200000000001
2018/03/05 12:00:00,1.06321
2018/03/05 12:05:00,1.06379
2018/03/05 12:10:00,1.064
2018/03/05 12:15:00,1.06321
2018/03/05 12:20:00,1.06221
2018/03/05 12:25:00,1.06358
2018/03/05 12:30:00,1.064
2018/03/05 12:35:00,1.0624200000000001
2018/03/05 12:40:00,1.0604200000000001
2018/03/05 12:45:00,1.06316
2018/03/05 12:50:00,1.06321
2018/03/05 12:55:00,1.06379
2018/03/05 13:00:00,1.064
2018/03/05 13:05:00,1.06558
2018/03/05 13:10:00,1.0644200000000001
2018/03/05 13:15:00,1.06321
2018/03/05 13:20:00,1.06221
2018/03/05 13:25:00,1.06516
2018/03/05 13:30:00,1.06363
2018/03/05 13:35:00,1.0851199999999999
2018/03/05 13:40:00,1.0854700000000002
2018/03/05 13:45:00,1.08321
2018/03/05 13:50:00,1.08063
2018/03/05 13:55:00,1.07921
2018/03/05 14:00:00,1.079
2018/03/05 14:05:00,1.0805799999999999
2018/03/05 14:10:00,1.081
2018/03/05 14:15:00,1.07863
2018/03/05 14:20:00,1.07563
2018/03/05 14:25:00,1.075
2018/03/05 14:30:00,1.07421
2018/03/05 14:35:00,1.07558
2018/03/05 14:40:00,1.07363
2018/03/05 14:45:00,1.07379
2018/03/05 14:50:00,1.07479
2018/03/05 14:55:00,1.07421
2018/03/05 15:00:00,1.0803200000000002
2018/03/05 15:05:00,1.09069
2018/03/05 15:10:00,1.09853
2018/03/05 15:15:00,1.09447
2018/03/05 15:20:00,1.09063
2018/03/05 15:25:00,1.08763
2018/03/05 15:30:00,1.0862100000000001
2018/03/05 15:35:00,1.08205
2018/03/05 15:40:00,1.08179
2018/03/05 15:45:00,1.0804200000000002
2018/03/05 15:50:00,1.08
2018/03/05 15:55:00,1.07763
2018/03/05 16:00:00,1.0785799999999999
2018/03/05 16:05:00,1.0782100000000001
2018/03/05 16:10:00,1.07563
2018/03/05 16:15:00,1.075
2018/03/05 16:20:00,1.0765799999999999
2018/03/05 16:25:00,1.077
2018/03/05 16:30:00,1.07779
2018/03/05 16:35:00,1.078
2018/03/05 16:40:00,1.07721
2018/03/05 16:45:00,1.07542
2018/03/05 16:50:00,1.07263
2018/03/05 16:55:00,1.072
2018/03/05 17:00:00,1.07279
2018/03/05 17:05:00,1.073
2018/03/05 17:10:00,1.07142
2018/03/05 17:15:00,1.07416
2018/03/05 17:20:00,1.07342
2018/03/05 17:25:00,1.0745799999999999
2018/03/05 17:30:00,1.07737
2018/03/05 17:35:00,1.0764200000000002
2018/03/05 17:40:00,1.0744200000000002
2018/03/05 17:45:00,1.07321
2018/03/05 17:50:00,1.0745799999999999
2018/03/05 17:55:00,1.07421
2018/03/05 18:00:00,1.074
2018/03/05 18:05:00,1.074
2018/03/05 18:10:00,1.07479
2018/03/05 18:15:00,1.07342
2018/03/05 18:20:00,1.07379
2018/03/05 18:25:00,1.074
2018/03/05 18:30:00,1.07321
2018/03/05 18:35:00,1.07379
2018/03/05 18:40:00,1.07321
2018/03/05 18:45:00,1.073
2018/03/05 18:50:00,1.073
2018/03/05 18:55:00,1.073
2018/03/05 19:00:00,1.07616
2018/03/05 19:05:00,1.077
2018/03/05 19:10:00,1.07542
2018/03/05 19:15:00,1.075
2018/03/05 19:20:00,1.075
2018/03/05 19:25:00,1.075
2018/03/05 19:30:00,1.075
2018/03/05 19:35:00,1.07421
2018/03/05 19:40:00,1.07479
2018/03/05 19:45:00,1.07421
2018/03/05 19:50:00,1.074
2018/03/05 19:55:00,1.074
2018/03/05 20:00:00,1.07321
2018/03/05 20:05:00,1.07379
2018/03/05 20:10:00,1.07321
2018/03/05 20:15:00,1.0745799999999999
2018/03/05 20:20:00,1.07421
2018/03/05 20:25:00,1.07558
2018/03/05 20:30:00,1.07521
2018/03/05 20:35:00,1.075
2018/03/05 20:40:00,1.07579
2018/03/05 20:45:00,1.07521
2018/03/05 20:50:00,1.075
2018/03/05 20:55:00,1.07579
2018/03/05 21:00:00,1.07521
2018/03/05 21:05:00,1.07421
2018/03/05 21:10:00,1.074
2018/03/05 21:15:00,1.074
2018/03/05 21:20:00,1.074
2018/03/05 21:25:00,1.074
2018/03/05 21:30:00,1.074
2018/03/05 21:35:00,1.074
2018/03/05 21:40:00,1.07321
2018/03/05 21:45:00,1.07379
2018/03/05 21:50:00,1.07321
2018/03/05 21:55:00,1.07379
2018/03/05 22:00:00,1.07321
2018/03/05 22:05:00,1.073
2018/03/05 22:10:00,1.07379
2018/03/05 22:15:00,1.074
2018/03/05 22:20:00,1.0724200000000002
2018/03/05 22:25:00,1.07279
2018/03/05 22:30:00,1.07221
2018/03/05 22:35:00,1.07279
2018/03/05 22:40:00,1.073
2018/03/05 22:45:00,1.073
2018/03/05 22:50:00,1.07379
2018/03/05 22:55:00,1.07321
2018/03/05 23:00:00,1.073
2018/03/05 23:05:00,1.073
2018/03/05 23:10:00,1.073
2018/03/05 23:15:00,1.073
2018/03/05 23:20:00,1.07853
2018/03/05 23:25:00,1.0784200000000002
2018/03/05 23:30:00,1.07721
2018/03/05 23:35:00,1.07621
2018/03/05 23:40:00,1.0744200000000002
2018/03/05 23:45:00,1.07874
2018/03/05 23:50:00,1.08
2018/03/05 23:55:00,1.08
2018/03/06 00:00:00,1.08079
2018/03/06 00:05:00,1.07942
2018/03/06 00:10:00,1.0782100000000001
2018/03/06 00:15:00,1.078
2018/03/06 00:20:00,1.078
2018/03/06 00:25:00,1.07721
2018/03/06 00:30:00,1.077
2018/03/06 00:35:00,1.077
2018/03/06 00:40:00,1.077
2018/03/06 00:45:00,1.077
2018/03/06 00:50:00,1.07542
2018/03/06 00:55:00,1.075
2018/03/06 01:00:00,1.07579
2018/03/06 01:05:00,1.07521
2018/03/06 01:10:00,1.075
2018/03/06 01:15:00,1.075
2018/03/06 01:20:00,1.07579
2018/03/06 01:25:00,1.07521
2018/03/06 01:30:00,1.075
2018/03/06 01:35:00,1.0765799999999999
2018/03/06 01:40:00,1.08016
2018/03/06 01:45:00,1.0825799999999999
2018/03/06 01:50:00,1.08695
2018/03/06 01:55:00,1.088
2018/03/06 02:00:00,1.08721
2018/03/06 02:05:00,1.0862100000000001
2018/03/06 02:10:00,1.08679
2018/03/06 02:15:00,1.08779
2018/03/06 02:20:00,1.08958
2018/03/06 02:25:00,1.08921
2018/03/06 02:30:00,1.08979
2018/03/06 02:35:00,1.08921
2018/03/06 02:40:00,1.08742
2018/03/06 02:45:00,1.08542
2018/03/06 02:50:00,1.085
2018/03/06 02:55:00,1.085
2018/03/06 03:00:00,1.08342
2018/03/06 03:05:00,1.08379
2018/03/06 03:10:00,1.0824200000000002
2018/03/06 03:15:00,1.08121
2018/03/06 03:20:00,1.07942
2018/03/06 03:25:00,1.079
2018/03/06 03:30:00,1.079
2018/03/06 03:35:00,1.0782100000000001
2018/03/06 03:40:00,1.07721
2018/03/06 03:45:00,1.07779
2018/03/06 03:50:00,1.078
2018/03/06 03:55:00,1.0764200000000002
2018/03/06 04:00:00,1.076
2018/03/06 04:05:00,1.07679
2018/03/06 04:10:00,1.07621
2018/03/06 04:15:00,1.076
2018/03/06 04:20:00,1.076
2018/03/06 04:25:00,1.07521
2018/03/06 04:30:00,1.075
2018/03/06 04:35:00,1.075
2018/03/06 04:40:00,1.075
2018/03/06 04:45:00,1.075
2018/03/06 04:50:00,1.075
2018/03/06 04:55:00,1.075
2018/03/06 05:00:00,1.075
2018/03/06 05:05:00,1.07421
2018/03/06 05:10:00,1.07479
2018/03/06 05:15:00,1.07421
2018/03/06 05:20:00,1.07795
2018/03/06 05:25:00,1.079
2018/03/06 05:30:00,1.07663
2018/03/06 05:35:00,1.076
2018/03/06 05:40:00,1.07679
2018/03/06 05:45:00,1.07621
2018/03/06 05:50:00,1.076
2018/03/06 05:55:00,1.07679
2018/03/06 06:00:00,1.07542
2018/03/06 06:05:00,1.075
2018/03/06 06:10:00,1.075
2018/03/06 06:15:00,1.07579
2018/03/06 06:20:00,1.076
2018/03/06 06:25:00,1.07521
2018/03/06 06:30:00,1.075
2018/03/06 06:35:00,1.07579
2018/03/06 06:40:00,1.07521
2018/03/06 06:45:00,1.075
2018/03/06 06:50:00,1.07579
2018/03/06 06:55:00,1.0744200000000002
2018/03/06 07:00:00,1.074
2018/03/06 07:05:00,1.074
2018/03/06 07:10:00,1.074
2018/03/06 07:15:00,1.074
2018/03/06 07:20:00,1.07321
2018/03/06 07:25:00,1.07537
2018/03/06 07:30:00,1.0744200000000002
2018/03/06 07:35:00,1.07479
2018/03/06 07:40:00,1.075
2018/03/06 07:45:00,1.07421
2018/03/06 07:50:00,1.07479
2018/03/06 07:55:00,1.07421
2018/03/06 08:00:00,1.074
2018/03/06 08:05:00,1.07479
2018/03/06 08:10:00,1.075
2018/03/06 08:15:00,1.075
2018/03/06 08:20:00,1.07421
2018/03/06 08:25:00,1.07795
2018/03/06 08:30:00,1.0782100000000001
2018/03/06 08:35:00,1.07721
2018/03/06 08:40:00,1.077
2018/03/06 08:45:00,1.07621
2018/03/06 08:50:00,1.07679
2018/03/06 08:55:00,1.07621
2018/03/06 09:00:00,1.07679
2018/03/06 09:05:00,1.07621
2018/03/06 09:10:00,1.076
2018/03/06 09:15:00,1.07758
2018/03/06 09:20:00,1.0764200000000002
2018/03/06 09:25:00,1.076
2018/03/06 09:30:00,1.076
2018/03/06 09:35:00,1.07521
2018/03/06 09:40:00,1.07421
2018/03/06 09:45:00,1.07479
2018/03/06 09:50:00,1.07421
2018/03/06 09:55:00,1.07479
2018/03/06 10:00:00,1.07579
2018/03/06 10:05:00,1.076
2018/03/06 10:10:00,1.07521
2018/03/06 10:15:00,1.07579
2018/03/06 10:20:00,1.07521
2018/03/06 10:25:00,1.075
2018/03/06 10:30:00,1.07579
2018/03/06 10:35:00,1.07521
2018/03/06 10:40:00,1.075
2018/03/06 10:45:00,1.075
2018/03/06 10:50:00,1.07421
2018/03/06 10:55:00,1.07479
2018/03/06 11:00:00,1.075
2018/03/06 11:05:00,1.075
2018/03/06 11:10:00,1.07421
2018/03/06 11:15:00,1.07479
2018/03/06 11:20:00,1.075
2018/03/06 11:25:00,1.0765799999999999
2018/03/06 11:30:00,1.08095
2018/03/06 11:35:00,1.07963
2018/03/06 11:40:00,1.0782100000000001
2018/03/06 11:45:00,1.07721
2018/03/06 11:50:00,1.07779
2018/03/06 11:55:00,1.078
2018/03/06 12:00:00,1.07721
2018/03/06 12:05:00,1.077
2018/03/06 12:10:00,1.077
2018/03/06 12:15:00,1.07621
2018/03/06 12:20:00,1.076
2018/03/06 12:25:00,1.07758
2018/03/06 12:30:00,1.0764200000000002
2018/03/06 12:35:00,1.076
2018/03/06 12:40:00,1.076
2018/03/06 12:45:00,1.076
2018/03/06 12:50:00,1.07679
2018/03/06 12:55:00,1.07621
2018/03/06 13:00:00,1.07521
2018/03/06 13:05:00,1.0765799999999999
2018/03/06 13:10:00,1.07621
2018/03/06 13:15:00,1.076
2018/03/06 13:20:00,1.076
2018/03/06 13:25:00,1.07521
2018/03/06 13:30:00,1.07579
2018/03/06 13:35:00,1.076
2018/03/06 13:40:00,1.07521
2018/03/06 13:45:00,1.0765799999999999
2018/03/06 13:50:00,1.07621
2018/03/06 13:55:00,1.076
2018/03/06 14:00:00,1.076
2018/03/06 14:05:00,1.07521
2018/03/06 14:10:00,1.07579
2018/03/06 14:15:00,1.076
2018/03/06 14:20:00,1.076
2018/03/06 14:25:00,1.076
2018/03/06 14:30:00,1.07521
2018/03/06 14:35:00,1.07816
2018/03/06 14:40:00,1.0782100000000001
2018/03/06 14:45:00,1.078
2018/03/06 14:50:00,1.078
2018/03/06 14:55:00,1.078
2018/03/06 15:00:00,1.07721
2018/03/06 15:05:00,1.077
2018/03/06 15:10:00,1.077
2018/03/06 15:15:00,1.077
2018/03/06 15:20:00,1.07621
2018/03/06 15:25:00,1.076
2018/03/06 15:30:00,1.07679
2018/03/06 15:35:00,1.077
2018/03/06 15:40:00,1.07621
2018/03/06 15:45:00,1.076
2018/03/06 15:50:00,1.076
2018/03/06 15:55:00,1.076
2018/03/06 16:00:00,1.076
2018/03/06 16:05:00,1.07679
2018/03/06 16:10:00,1.07621
2018/03/06 16:15:00,1.076
2018/03/06 16:20:00,1.076
2018/03/06 16:25:00,1.07679
2018/03/06 16:30:00,1.077
2018/03/06 16:35:00,1.07621
2018/03/06 16:40:00,1.076
2018/03/06 16:45:00,1.07679
2018/03/06 16:50:00,1.077
2018/03/06 16:55:00,1.07621
2018/03/06 17:00:00,1.07837
2018/03/06 17:05:00,1.08295
2018/03/06 17:10:00,1.08163
2018/03/06 17:15:00,1.0802100000000001
2018/03/06 17:20:00,1.08079
2018/03/06 17:25:00,1.07942
2018/03/06 17:30:00,1.079
2018/03/06 17:35:00,1.0782100000000001
2018/03/06 17:40:00,1.08195
2018/03/06 17:45:00,1.083
2018/03/06 17:50:00,1.08063
2018/03/06 17:55:00,1.08158
2018/03/06 18:00:00,1.08121
2018/03/06 18:05:00,1.07863
2018/03/06 18:10:00,1.07879
2018/03/06 18:15:00,1.0805799999999999
2018/03/06 18:20:00,1.08179
2018/03/06 18:25:00,1.08121
2018/03/06 18:30:00,1.081
2018/03/06 18:35:00,1.0802100000000001
2018/03/06 18:40:00,1.10291
2018/03/06 18:45:00,1.1011
2018/03/06 18:50:00,1.09505
2018/03/06 18:55:00,1.0924200000000002
2018/03/06 19:00:00,1.08963
2018/03/06 19:05:00,1.08742
2018/03/06 19:10:00,1.087
2018/03/06 19:15:00,1.08463
2018/03/06 19:20:00,1.08321
2018/03/06 19:25:00,1.0822100000000001
2018/03/06 19:30:00,1.0804200000000002
2018/03/06 19:35:00,1.08
2018/03/06 19:40:00,1.0784200000000002
2018/03/06 19:45:00,1.078
2018/03/06 19:50:00,1.078
2018/03/06 19:55:00,1.078
2018/03/06 20:00:00,1.07721
2018/03/06 20:05:00,1.077
2018/03/06 20:10:00,1.07779
2018/03/06 20:15:00,1.0764200000000002
2018/03/06 20:20:00,1.076
2018/03/06 20:25:00,1.07679
2018/03/06 20:30:00,1.07621
2018/03/06 20:35:00,1.07521
2018/03/06 20:40:00,1.075
2018/03/06 20:45:00,1.075
2018/03/06 20:50:00,1.07895
2018/03/06 20:55:00,1.08
2018/03/06 21:00:00,1.07763
2018/03/06 21:05:00,1.077
2018/03/06 21:10:00,1.077
2018/03/06 21:15:00,1.077
2018/03/06 21:20:00,1.077
2018/03/06 21:25:00,1.07779
2018/03/06 21:30:00,1.0764200000000002
2018/03/06 21:35:00,1.076
2018/03/06 21:40:00,1.07758
2018/03/06 21:45:00,1.0764200000000002
2018/03/06 21:50:00,1.076
2018/03/06 21:55:00,1.076
2018/03/06 22:00:00,1.076
2018/03/06 22:05:00,1.07521
2018/03/06 22:10:00,1.075
2018/03/06 22:15:00,1.075
2018/03/06 22:20:00,1.07579
2018/03/06 22:25:00,1.07521
2018/03/06 22:30:00,1.075
2018/03/06 22:35:00,1.075
2018/03/06 22:40:00,1.07579
2018/03/06 22:45:00,1.07521
2018/03/06 22:50:00,1.075
2018/03/06 22:55:00,1.0765799999999999
2018/03/06 23:00:00,1.07463
2018/03/06 23:05:00,1.07479
2018/03/06 23:10:00,1.075
2018/03/06 23:15:00,1.075
2018/03/06 23:20:00,1.07579
2018/03/06 23:25:00,1.07521
2018/03/06 23:30:00,1.075
2018/03/06 23:35:00,1.0765799999999999
2018/03/06 23:40:00,1.07621
2018/03/06 23:45:00,1.07521
2018/03/06 23:50:00,1.07895
2018/03/06 23:55:00,1.07763
2018/03/07 00:00:00,1.0785799999999999
2018/03/07 00:05:00,1.0782100000000001
2018/03/07 00:10:00,1.07879
2018/03/07 00:15:00,1.07979
2018/03/07 00:20:00,1.0784200000000002
2018/03/07 00:25:00,1.078
2018/03/07 00:30:00,1.078
2018/03/07 00:35:00,1.07721
2018/03/07 00:40:00,1.077
2018/03/07 00:45:00,1.077
2018/03/07 00:50:00,1.0785799999999999
2018/03/07 00:55:00,1.0782100000000001
2018/03/07 01:00:00,1.07721
2018/03/07 01:05:00,1.077
2018/03/07 01:10:00,1.077
2018/03/07 01:15:00,1.077
2018/03/07 01:20:00,1.077
2018/03/07 01:25:00,1.077
2018/03/07 01:30:00,1.077
2018/03/07 01:35:00,1.077
2018/03/07 01:40:00,1.077
2018/03/07 01:45:00,1.077
2018/03/07 01:50:00,1.077
2018/03/07 01:55:00,1.077
2018/03/07 02:00:00,1.077
2018/03/07 02:05:00,1.07621
2018/03/07 02:10:00,1.07679
2018/03/07 02:15:00,1.07779
2018/03/07 02:20:00,1.07721
2018/03/07 02:25:00,1.077
2018/03/07 02:30:00,1.07779
2018/03/07 02:35:00,1.078
2018/03/07 02:40:00,1.07721
2018/03/07 02:45:00,1.077
2018/03/07 02:50:00,1.07779
2018/03/07 02:55:00,1.08037
2018/03/07 03:00:00,1.08179
2018/03/07 03:05:00,1.0804200000000002
2018/03/07 03:10:00,1.07921
2018/03/07 03:15:00,1.079
2018/03/07 03:20:00,1.079
2018/03/07 03:25:00,1.079
2018/03/07 03:30:00,1.079
2018/03/07 03:35:00,1.079
2018/03/07 03:40:00,1.0782100000000001
2018/03/07 03:45:00,1.07879
2018/03/07 03:50:00,1.0782100000000001
2018/03/07 03:55:00,1.07879
2018/03/07 04:00:00,1.07979
2018/03/07 04:05:00,1.07921
2018/03/07 04:10:00,1.079
2018/03/07 04:15:00,1.0782100000000001
2018/03/07 04:20:00,1.07879
2018/03/07 04:25:00,1.079
2018/03/07 04:30:00,1.0782100000000001
2018/03/07 04:35:00,1.07879
2018/03/07 04:40:00,1.07979
2018/03/07 04:45:00,1.07921
2018/03/07 04:50:00,1.079
2018/03/07 04:55:00,1.0782100000000001
2018/03/07 05:00:00,1.078
2018/03/07 05:05:00,1.07879
2018/03/07 05:10:00,1.0782100000000001
2018/03/07 05:15:00,1.07958
2018/03/07 05:20:00,1.07921
2018/03/07 05:25:00,1.079
2018/03/07 05:30:00,1.0782100000000001
2018/03/07 05:35:00,1.078
2018/03/07 05:40:00,1.07879
2018/03/07 05:45:00,1.079
2018/03/07 05:50:00,1.0782100000000001
2018/03/07 05:55:00,1.07879
2018/03/07 06:00:00,1.07979
2018/03/07 06:05:00,1.08079
2018/03/07 06:10:00,1.081
2018/03/07 06:15:00,1.081
2018/03/07 06:20:00,1.0802100000000001
2018/03/07 06:25:00,1.08
2018/03/07 06:30:00,1.08079
2018/03/07 06:35:00,1.0802100000000001
2018/03/07 06:40:00,1.08
2018/03/07 06:45:00,1.07921
2018/03/07 06:50:00,1.079
2018/03/07 06:55:00,1.07979
2018/03/07 07:00:00,1.07921
2018/03/07 07:05:00,1.079
2018/03/07 07:10:00,1.07979
2018/03/07 07:15:00,1.08
2018/03/07 07:20:00,1.07921
2018/03/07 07:25:00,1.079
2018/03/07 07:30:00,1.07979
2018/03/07 07:35:00,1.07921
2018/03/07 07:40:00,1.079
2018/03/07 07:45:00,1.079
2018/03/07 07:50:00,1.07979
2018/03/07 07:55:00,1.07921
2018/03/07 08:00:00,1.079
2018/03/07 08:05:00,1.079
2018/03/07 08:10:00,1.07979
2018/03/07 08:15:00,1.07921
2018/03/07 08:20:00,1.079
2018/03/07 08:25:00,1.0805799999999999
2018/03/07 08:30:00,1.0802100000000001
2018/03/07 08:35:00,1.07921
2018/03/07 08:40:00,1.079
2018/03/07 08:45:00,1.079
2018/03/07 08:50:00,1.0782100000000001
2018/03/07 08:55:00,1.07879
2018/03/07 09:00:00,1.07979
2018/03/07 09:05:00,1.08079
2018/03/07 09:10:00,1.081
2018/03/07 09:15:00,1.081
2018/03/07 09:20:00,1.081
2018/03/07 09:25:00,1.081
2018/03/07 09:30:00,1.081
2018/03/07 09:35:00,1.0802100000000001
2018/03/07 09:40:00,1.07921
2018/03/07 09:45:00,1.079
2018/03/07 09:50:00,1.079
2018/03/07 09:55:00,1.07979
2018/03/07 10:00:00,1.08
2018/03/07 10:05:00,1.08
2018/03/07 10:10:00,1.07921
2018/03/07 10:15:00,1.079
2018/03/07 10:20:00,1.079
2018/03/07 10:25:00,1.079
2018/03/07 10:30:00,1.079
2018/03/07 10:35:00,1.079
2018/03/07 10:40:00,1.079
2018/03/07 10:45:00,1.079
2018/03/07 10:50:00,1.079
2018/03/07 10:55:00,1.079
2018/03/07 11:00:00,1.079
2018/03/07 11:05:00,1.079
2018/03/07 11:10:00,1.079
2018/03/07 11:15:00,1.0782100000000001
2018/03/07 11:20:00,1.07958
2018/03/07 11:25:00,1.07921
2018/03/07 11:30:00,1.07979
2018/03/07 11:35:00,1.08
2018/03/07 11:40:00,1.07921
2018/03/07 11:45:00,1.079
2018/03/07 11:50:00,1.079
2018/03/07 11:55:00,1.07979
2018/03/07 12:00:00,1.08079
2018/03/07 12:05:00,1.081
2018/03/07 12:10:00,1.081
2018/03/07 12:15:00,1.081
2018/03/07 12:20:00,1.081
2018/03/07 12:25:00,1.08179
2018/03/07 12:30:00,1.08121
2018/03/07 12:35:00,1.08495
2018/03/07 12:40:00,1.0844200000000002
2018/03/07 12:45:00,1.08558
2018/03/07 12:50:00,1.0844200000000002
2018/03/07 12:55:00,1.084
2018/03/07 13:00:00,1.08321
2018/03/07 13:05:00,1.083
2018/03/07 13:10:00,1.083
2018/03/07 13:15:00,1.0822100000000001
2018/03/07 13:20:00,1.08279
2018/03/07 13:25:00,1.0822100000000001
2018/03/07 13:30:00,1.08121
2018/03/07 13:35:00,1.0802100000000001
2018/03/07 13:40:00,1.08158
2018/03/07 13:45:00,1.082
2018/03/07 13:50:00,1.08121
2018/03/07 13:55:00,1.0802100000000001
2018/03/07 14:00:00,1.08
2018/03/07 14:05:00,1.08
2018/03/07 14:10:00,1.08079
2018/03/07 14:15:00,1.0802100000000001
2018/03/07 14:20:00,1.08079
2018/03/07 14:25:00,1.0802100000000001
2018/03/07 14:30:00,1.08
2018/03/07 14:35:00,1.08158
2018/03/07 14:40:00,1.082
2018/03/07 14:45:00,1.08121
2018/03/07 14:50:00,1.0802100000000001
2018/03/07 14:55:00,1.08
2018/03/07 15:00:00,1.08395
2018/03/07 15:05:00,1.0842100000000001
2018/03/07 15:10:00,1.08479
2018/03/07 15:15:00,1.08342
2018/03/07 15:20:00,1.083
2018/03/07 15:25:00,1.083
2018/03/07 15:30:00,1.08142
2018/03/07 15:35:00,1.0825799999999999
2018/03/07 15:40:00,1.08142
2018/03/07 15:45:00,1.081
2018/03/07 15:50:00,1.081
2018/03/07 15:55:00,1.081
2018/03/07 16:00:00,1.081
2018/03/07 16:05:00,1.0802100000000001
2018/03/07 16:10:00,1.08
2018/03/07 16:15:00,1.08
2018/03/07 16:20:00,1.08
2018/03/07 16:25:00,1.08
2018/03/07 16:30:00,1.08079
2018/03/07 16:35:00,1.0802100000000001
2018/03/07 16:40:00,1.08
2018/03/07 16:45:00,1.07921
2018/03/07 16:50:00,1.07979
2018/03/07 16:55:00,1.08
2018/03/07 17:00:00,1.08
2018/03/07 17:05:00,1.08079
2018/03/07 17:10:00,1.0802100000000001
2018/03/07 17:15:00,1.08
2018/03/07 17:20:00,1.08
2018/03/07 17:25:00,1.08
2018/03/07 17:30:00,1.08
2018/03/07 17:35:00,1.08
2018/03/07 17:40:00,1.08079
2018/03/07 17:45:00,1.081
2018/03/07 17:50:00,1.0802100000000001
2018/03/07 17:55:00,1.08
2018/03/07 18:00:00,1.08158
2018/03/07 18:05:00,1.08121
2018/03/07 18:10:00,1.081
2018/03/07 18:15:00,1.08179
2018/03/07 18:20:00,1.08279
2018/03/07 18:25:00,1.083
2018/03/07 18:30:00,1.0822100000000001
2018/03/07 18:35:00,1.082
2018/03/07 18:40:00,1.08121
2018/03/07 18:45:00,1.081
2018/03/07 18:50:00,1.081
2018/03/07 18:55:00,1.081
2018/03/07 19:00:00,1.081
2018/03/07 19:05:00,1.081
2018/03/07 19:10:00,1.08179
2018/03/07 19:15:00,1.08279
2018/03/07 19:20:00,1.0822100000000001
2018/03/07 19:25:00,1.08121
2018/03/07 19:30:00,1.08337
2018/03/07 19:35:00,1.08321
2018/03/07 19:40:00,1.083
2018/03/07 19:45:00,1.08379
2018/03/07 19:50:00,1.08479
2018/03/07 19:55:00,1.0842100000000001
2018/03/07 20:00:00,1.08479
2018/03/07 20:05:00,1.08579
2018/03/07 20:10:00,1.08679
2018/03/07 20:15:00,1.08779
2018/03/07 20:20:00,1.08879
2018/03/07 20:25:00,1.089
2018/03/07 20:30:00,1.0882100000000001
2018/03/07 20:35:00,1.08879
2018/03/07 20:40:00,1.089
2018/03/07 20:45:00,1.09295
2018/03/07 20:50:00,1.09637
2018/03/07 20:55:00,1.09542
2018/03/07 21:00:00,1.0942100000000001
2018/03/07 21:05:00,1.0971600000000001
2018/03/07 21:10:00,1.09484
2018/03/07 21:15:00,1.09163
2018/03/07 21:20:00,1.0902100000000001
2018/03/07 21:25:00,1.09
2018/03/07 21:30:00,1.0884200000000002
2018/03/07 21:35:00,1.0864200000000002
2018/03/07 21:40:00,1.08679
2018/03/07 21:45:00,1.087
2018/03/07 21:50:00,1.0862100000000001
2018/03/07 21:55:00,1.086
2018/03/07 22:00:00,1.086
2018/03/07 22:05:00,1.08521
2018/03/07 22:10:00,1.085
2018/03/07 22:15:00,1.085
2018/03/07 22:20:00,1.08579
2018/03/07 22:25:00,1.08837
2018/03/07 22:30:00,1.08979
2018/03/07 22:35:00,1.08921
2018/03/07 22:40:00,1.089
2018/03/07 22:45:00,1.0882100000000001
2018/03/07 22:50:00,1.08721
2018/03/07 22:55:00,1.08779
2018/03/07 23:00:00,1.08958
2018/03/07 23:05:00,1.09237
2018/03/07 23:10:00,1.09616
2018/03/07 23:15:00,1.09937
2018/03/07 23:20:00,1.10237
2018/03/07 23:25:00,1.1022100000000001
2018/03/07 23:30:00,1.1004200000000002
2018/03/07 23:35:00,1.09763
2018/03/07 23:40:00,1.09542
2018/03/07 23:45:00,1.095
2018/03/07 23:50:00,1.095
2018/03/07 23:55:00,1.09342
2018/03/08 00:00:00,1.1088
2018/03/08 00:05:00,1.10589
2018/03/08 00:10:00,1.10084
2018/03/08 00:15:00,1.09763
2018/03/08 00:20:00,1.09542
2018/03/08 00:25:00,1.09263
2018/03/08 00:30:00,1.08963
2018/03/08 00:35:00,1.089
2018/03/08 00:40:00,1.08742
2018/03/08 00:45:00,1.08542
2018/03/08 00:50:00,1.0842100000000001
2018/03/08 00:55:00,1.08321
2018/03/08 01:00:00,1.083
2018/03/08 01:05:00,1.0822100000000001
2018/03/08 01:10:00,1.08279
2018/03/08 01:15:00,1.0822100000000001
2018/03/08 01:20:00,1.08121
2018/03/08 01:25:00,1.0802100000000001
2018/03/08 01:30:00,1.08079
2018/03/08 01:35:00,1.07942
2018/03/08 01:40:00,1.07979
2018/03/08 01:45:00,1.08079
2018/03/08 01:50:00,1.081
2018/03/08 01:55:00,1.07942
2018/03/08 02:00:00,1.0782100000000001
2018/03/08 02:05:00,1.0764200000000002
2018/03/08 02:10:00,1.07837
2018/03/08 02:15:00,1.079
2018/03/08 02:20:00,1.0782100000000001
2018/03/08 02:25:00,1.07958
2018/03/08 02:30:00,1.07921
2018/03/08 02:35:00,1.079
2018/03/08 02:40:00,1.0782100000000001
2018/03/08 02:45:00,1.07721
2018/03/08 02:50:00,1.07779
2018/03/08 02:55:00,1.078
2018/03/08 03:00:00,1.07879
2018/03/08 03:05:00,1.079
2018/03/08 03:10:00,1.07979
2018/03/08 03:15:00,1.08
2018/03/08 03:20:00,1.07921
2018/03/08 03:25:00,1.07979
2018/03/08 03:30:00,1.08079
2018/03/08 03:35:00,1.07942
2018/03/08 03:40:00,1.0805799999999999
2018/03/08 03:45:00,1.0802100000000001
2018/03/08 03:50:00,1.0784200000000002
2018/03/08 03:55:00,1.07879
2018/03/08 04:00:00,1.079
2018/03/08 04:05:00,1.079
2018/03/08 04:10:00,1.079
2018/03/08 04:15:00,1.079
2018/03/08 04:20:00,1.07742
2018/03/08 04:25:00,1.0785799999999999
2018/03/08 04:30:00,1.0782100000000001
2018/03/08 04:35:00,1.07879
2018/03/08 04:40:00,1.079
2018/03/08 04:45:00,1.0782100000000001
2018/03/08 04:50:00,1.078
2018/03/08 04:55:00,1.07958
2018/03/08 05:00:00,1.07921
2018/03/08 05:05:00,1.0782100000000001
2018/03/08 05:10:00,1.078
2018/03/08 05:15:00,1.07879
2018/03/08 05:20:00,1.079
2018/03/08 05:25:00,1.079
2018/03/08 05:30:00,1.0782100000000001
2018/03/08 05:35:00,1.078
2018/03/08 05:40:00,1.07879
2018/03/08 05:45:00,1.079
2018/03/08 05:50:00,1.0782100000000001
2018/03/08 05:55:00,1.078
2018/03/08 06:00:00,1.07721
2018/03/08 06:05:00,1.07937
2018/03/08 06:10:00,1.0831600000000001
2018/03/08 06:15:00,1.08479
2018/03/08 06:20:00,1.08263
2018/03/08 06:25:00,1.082
2018/03/08 06:30:00,1.0804200000000002
2018/03/08 06:35:00,1.08079
2018/03/08 06:40:00,1.0802100000000001
2018/03/08 06:45:00,1.08079
2018/03/08 06:50:00,1.0825799999999999
2018/03/08 06:55:00,1.083
2018/03/08 07:00:00,1.0822100000000001
2018/03/08 07:05:00,1.08121
2018/03/08 07:10:00,1.07942
2018/03/08 07:15:00,1.07979
2018/03/08 07:20:00,1.0879
2018/03/08 07:25:00,1.09
2018/03/08 07:30:00,1.08921
2018/03/08 07:35:00,1.08742
2018/03/08 07:40:00,1.08542
2018/03/08 07:45:00,1.085
2018/03/08 07:50:00,1.0842100000000001
2018/03/08 07:55:00,1.084
2018/03/08 08:00:00,1.08321
2018/03/08 08:05:00,1.08142
2018/03/08 08:10:00,1.081
2018/03/08 08:15:00,1.0825799999999999
2018/03/08 08:20:00,1.0822100000000001
2018/03/08 08:25:00,1.0875299999999999
2018/03/08 08:30:00,1.1166500000000001
2018/03/08 08:35:00,1.1216300000000001
2018/03/08 08:40:00,1.11626
2018/03/08 08:45:00,1.11184
2018/03/08 08:50:00,1.10863
2018/03/08 08:55:00,1.10721
2018/03/08 09:00:00,1.10305
2018/03/08 09:05:00,1.10437
2018/03/08 09:10:00,1.105
2018/03/08 09:15:00,1.10263
2018/03/08 09:20:00,1.102
2018/03/08 09:25:00,1.10121
2018/03/08 09:30:00,1.09942
2018/03/08 09:35:00,1.099
2018/03/08 09:40:00,1.10058
2018/03/08 09:45:00,1.101
2018/03/08 09:50:00,1.101
2018/03/08 09:55:00,1.1002100000000001
2018/03/08 10:00:00,1.10079
2018/03/08 10:05:00,1.10179
2018/03/08 10:10:00,1.10121
2018/03/08 10:15:00,1.09942
2018/03/08 10:20:00,1.09742
2018/03/08 10:25:00,1.097
2018/03/08 10:30:00,1.09542
2018/03/08 10:35:00,1.09342
2018/03/08 10:40:00,1.0922100000000001
2018/03/08 10:45:00,1.09121
2018/03/08 10:50:00,1.08863
2018/03/08 10:55:00,1.08721
2018/03/08 11:00:00,1.0862100000000001
2018/03/08 11:05:00,1.08679
2018/03/08 11:10:00,1.08463
2018/03/08 11:15:00,1.08321
2018/03/08 11:20:00,1.08063
2018/03/08 11:25:00,1.08237
2018/03/08 11:30:00,1.08142
2018/03/08 11:35:00,1.07942
2018/03/08 11:40:00,1.0782100000000001
2018/03/08 11:45:00,1.07721
2018/03/08 11:50:00,1.07542
2018/03/08 11:55:00,1.0765799999999999
2018/03/08 12:00:00,1.07779
2018/03/08 12:05:00,1.0764200000000002
2018/03/08 12:10:00,1.076
2018/03/08 12:15:00,1.07837
2018/03/08 12:20:00,1.07742
2018/03/08 12:25:00,1.07779
2018/03/08 12:30:00,1.078
2018/03/08 12:35:00,1.0764200000000002
2018/03/08 12:40:00,1.07679
2018/03/08 12:45:00,1.07542
2018/03/08 12:50:00,1.07421
2018/03/08 12:55:00,1.07321
2018/03/08 13:00:00,1.07221
2018/03/08 13:05:00,1.06963
2018/03/08 13:10:00,1.06821
2018/03/08 13:15:00,1.068
2018/03/08 13:20:00,1.068
2018/03/08 13:25:00,1.07037
2018/03/08 13:30:00,1.071
2018/03/08 13:35:00,1.071
2018/03/08 13:40:00,1.07021
2018/03/08 13:45:00,1.06921
2018/03/08 13:50:00,1.069
2018/03/08 13:55:00,1.0705799999999999
2018/03/08 14:00:00,1.07416
2018/03/08 14:05:00,1.07263
2018/03/08 14:10:00,1.07358
2018/03/08 14:15:00,1.07479
2018/03/08 14:20:00,1.07421
2018/03/08 14:25:00,1.07479
2018/03/08 14:30:00,1.0765799999999999
2018/03/08 14:35:00,1.0785799999999999
2018/03/08 14:40:00,1.0805799999999999
2018/03/08 14:45:00,1.0825799999999999
2018/03/08 14:50:00,1.08063
2018/03/08 14:55:00,1.08158
2018/03/08 15:00:00,1.08121
2018/03/08 15:05:00,1.0825799999999999
2018/03/08 15:10:00,1.0822100000000001
2018/03/08 15:15:00,1.08358
2018/03/08 15:20:00,1.0919
2018/03/08 15:25:00,1.0924200000000002
2018/03/08 15:30:00,1.09121
2018/03/08 15:35:00,1.0902100000000001
2018/03/08 15:40:00,1.09237
2018/03/08 15:45:00,1.09379
2018/03/08 15:50:00,1.09321
2018/03/08 15:55:00,1.0945799999999999
2018/03/08 16:00:00,1.0942100000000001
2018/03/08 16:05:00,1.0924200000000002
2018/03/08 16:10:00,1.0904200000000002
2018/03/08 16:15:00,1.09079
2018/03/08 16:20:00,1.091
2018/03/08 16:25:00,1.08942
2018/03/08 16:30:00,1.0905799999999999
2018/03/08 16:35:00,1.09337
2018/03/08 16:40:00,1.09479
2018/03/08 16:45:00,1.095
2018/03/08 16:50:00,1.0942100000000001
2018/03/08 16:55:00,1.094
2018/03/08 17:00:00,1.09321
2018/03/08 17:05:00,1.09379
2018/03/08 17:10:00,1.094
2018/03/08 17:15:00,1.09321
2018/03/08 17:20:00,1.093
2018/03/08 17:25:00,1.09142
2018/03/08 17:30:00,1.09179
2018/03/08 17:35:00,1.0904200000000002
2018/03/08 17:40:00,1.09158
2018/03/08 17:45:00,1.09121
2018/03/08 17:50:00,1.0902100000000001
2018/03/08 17:55:00,1.09
2018/03/08 18:00:00,1.08921
2018/03/08 18:05:00,1.089
2018/03/08 18:10:00,1.089
2018/03/08 18:15:00,1.0882100000000001
2018/03/08 18:20:00,1.08879
2018/03/08 18:25:00,1.09374
2018/03/08 18:30:00,1.09184
2018/03/08 18:35:00,1.08942
2018/03/08 18:40:00,1.08742
2018/03/08 18:45:00,1.08542
2018/03/08 18:50:00,1.08184
2018/03/08 18:55:00,1.0802100000000001
2018/03/08 19:00:00,1.0855299999999999
2018/03/08 19:05:00,1.09253
2018/03/08 19:10:00,1.09163
2018/03/08 19:15:00,1.091
2018/03/08 19:20:00,1.08863
2018/03/08 19:25:00,1.08721
2018/03/08 19:30:00,1.0862100000000001
2018/03/08 19:35:00,1.08679
2018/03/08 19:40:00,1.087
2018/03/08 19:45:00,1.0862100000000001
2018/03/08 19:50:00,1.0844200000000002
2018/03/08 19:55:00,1.084
2018/03/08 20:00:00,1.084
2018/03/08 20:05:00,1.084
2018/03/08 20:10:00,1.084
2018/03/08 20:15:00,1.08637
2018/03/08 20:20:00,1.087
2018/03/08 20:25:00,1.0862100000000001
2018/03/08 20:30:00,1.08679
2018/03/08 20:35:00,1.087
2018/03/08 20:40:00,1.0862100000000001
2018/03/08 20:45:00,1.086
2018/03/08 20:50:00,1.08837
2018/03/08 20:55:00,1.08663
2018/03/08 21:00:00,1.086
2018/03/08 21:05:00,1.086
2018/03/08 21:10:00,1.086
2018/03/08 21:15:00,1.08679
2018/03/08 21:20:00,1.0862100000000001
2018/03/08 21:25:00,1.0844200000000002
2018/03/08 21:30:00,1.0871600000000001
2018/03/08 21:35:00,1.08879
2018/03/08 21:40:00,1.089
2018/03/08 21:45:00,1.0882100000000001
2018/03/08 21:50:00,1.08879
2018/03/08 21:55:00,1.0882100000000001
2018/03/08 22:00:00,1.088
2018/03/08 22:05:00,1.08721
2018/03/08 22:10:00,1.0862100000000001
2018/03/08 22:15:00,1.086
2018/03/08 22:20:00,1.08521
2018/03/08 22:25:00,1.085
2018/03/08 22:30:00,1.085
2018/03/08 22:35:00,1.08579
2018/03/08 22:40:00,1.086
2018/03/08 22:45:00,1.086
2018/03/08 22:50:00,1.08521
2018/03/08 22:55:00,1.0842100000000001
2018/03/08 23:00:00,1.084
2018/03/08 23:05:00,1.084
2018/03/08 23:10:00,1.08479
2018/03/08 23:15:00,1.085
2018/03/08 23:20:00,1.0842100000000001
2018/03/08 23:25:00,1.084
2018/03/08 23:30:00,1.084
2018/03/08 23:35:00,1.084
2018/03/08 23:40:00,1.084
2018/03/08 23:45:00,1.084
2018/03/08 23:50:00,1.08321
2018/03/08 23:55:00,1.083
2018/03/09 00:00:00,1.0845799999999999
2018/03/09 00:05:00,1.08579
2018/03/09 00:10:00,1.08521
2018/03/09 00:15:00,1.085
2018/03/09 00:20:00,1.085
2018/03/09 00:25:00,1.085
2018/03/09 00:30:00,1.085
2018/03/09 00:35:00,1.085
2018/03/09 00:40:00,1.08816
2018/03/09 00:45:00,1.089
2018/03/09 00:50:00,1.08742
2018/03/09 00:55:00,1.087
2018/03/09 01:00:00,1.08779
2018/03/09 01:05:00,1.08721
2018/03/09 01:10:00,1.087
2018/03/09 01:15:00,1.08779
2018/03/09 01:20:00,1.08721
2018/03/09 01:25:00,1.0862100000000001
2018/03/09 01:30:00,1.08521
2018/03/09 01:35:00,1.085
2018/03/09 01:40:00,1.085
2018/03/09 01:45:00,1.085
2018/03/09 01:50:00,1.0842100000000001
2018/03/09 01:55:00,1.084
2018/03/09 02:00:00,1.08795
